ID	@	City	@	Project ID	@	Betterplace NGO	@	Project Titel	@	Link to project	@	SDG_1	@	SDG_2	@	SDG_3	@	SDG_4	@	CHECKED
1	@	 BERLIN	@	22744	@	Off Road Kids Stiftung	@	Strassenkinder in Deutschland	@	https://www.betterplace.org/de/projects/22744-strassenkinder-in-deutschland	@	1	@		@	 	@		@	BERLIN
2	@		@	49352	@	jobs4refugees	@	Jobs4Refugees	@	https://www.betterplace.org/de/projects/49352-jobs4refugees-partner-fuer-gefluechtete-auf-ihrem-weg-in-arbeit-ausbildung	@	8	@		@	 	@		@	BERLIN
3	@		@	79880	@	Tafel Deutschland e.V.	@	Corona: Wie Sie gemeinsam mit den Tafeln helfen können	@	https://www.betterplace.org/de/projects/79880-corona-wie-sie-gemeinsam-mit-den-tafeln-helfen-koennen	@	2	@		@	 	@		@	BERLIN
4	@		@	36236	@	Start with a Friend e.V	@	Start with a friend	@	https://www.betterplace.org/de/projects/36236-start-with-a-friend-einwander-innen-locals-auf-augenhoehe-zusammenbringen	@	10	@		@	 	@		@	BERLIN
5	@		@	34094	@	Ipso gGmbH	@	Psychosoziales Counseling von Geflüchteten für Geflüchtete	@	https://www.betterplace.org/de/projects/34094-psychosoziales-counseling-von-gefluechteten-fuer-gefluechtete	@	3	@		@	 	@		@	BERLIN
6	@		@	8436	@	Anderes Sehen e.V.	@	Fortschrittliche Förderung blinder Kinder	@	https://www.betterplace.org/de/projects/8436-fortschrittliche-foerderung-blinder-kinder	@	4	@	3	@	 	@		@	BERLIN
7	@		@	78714	@	"Die Arche" Kinderstiftung	@	Kinder gezielt durch Spiel & Spaß fördern	@	https://www.betterplace.org/de/projects/78714-kinder-gezielt-durch-spiel-spass-foerdern	@	4	@		@	 	@		@	BERLIN
8	@		@	102	@	Deutsches Kinderhilfswerk e.V.	@	Ein gefüllter Schulranzen für alle Kinder	@	https://www.betterplace.org/de/projects/102-ein-gefuellter-schulranzen-fuer-alle-kinder	@	4	@		@	 	@		@	BERLIN
9	@		@	7910	@	"Die Arche" Kinderstiftung	@	Die Arche: Mittagstisch für bedürftige Kinder	@	https://www.betterplace.org/de/projects/7910-die-arche-mittagstisch-fuer-beduerftige-kinder	@	2	@		@	 	@		@	BERLIN
10	@		@	191	@	GSE e. V.	@	Lernen mit weltweitem Horizont	@	https://www.betterplace.org/de/projects/191-lernen-mit-weltweitem-horizont	@	4	@		@	 	@		@	BERLIN
11	@		@	16821	@	Stiftung für Mensch und Umwelt	@	Deutschland summt! Wir tun was für Bienen.	@	https://www.betterplace.org/de/projects/16821-deutschland-summt-wir-tun-was-fuer-bienen	@	15	@		@	 	@		@	BERLIN
12	@		@	78889	@	Redi-School of Integration	@	Leave no one behind! Help us make our courses accessible to everyone	@	https://www.betterplace.org/de/projects/78889-leave-no-one-behind-help-us-make-our-courses-accessible-to-everyone	@	4	@		@	 	@		@	BERLIN
13	@		@	77980	@	Berliner Stadtmission	@	Corona Nothilfe für Bedürftige in Berlin #GemeinsamHoffnungSpenden	@	https://www.betterplace.org/de/projects/77980-corona-nothilfe-fuer-beduerftige-in-berlin-gemeinsamhoffnungspenden	@	2	@	3	@	 	@		@	BERLIN
14	@		@	2287	@	Berliner Stadtmission	@	Hilfe für Wohnungslose – Kältehilfe der Berliner Stadtmission	@	https://www.betterplace.org/de/projects/2287-hilfe-fuer-wohnungslose-kaeltehilfe-der-berliner-stadtmission	@	1	@		@	 	@		@	BERLIN
15	@		@	8741	@	Humanistischer Verband, LV Berlin-Brandenburg KdöR	@	Kinderhospiz Berliner Herz	@	https://www.betterplace.org/de/projects/8741-kinderhospiz-berliner-herz	@	3	@		@	 	@		@	BERLIN
16	@		@	33291	@	Caritasverband für das Erzbistum Berlin e.V.	@	Hilfe für Flüchtlinge in Berlin und Brandenburg	@	https://www.betterplace.org/de/projects/33291-hilfe-fuer-fluechtlinge-in-berlin-und-brandenburg	@	10	@		@		@	 	@	BERLIN
17	@		@	43876	@	Caritasverband für das Erzbistum Berlin e.V.	@	[U25] Berlin - Online-Suizidprävention für Jugendliche	@	https://www.betterplace.org/de/projects/43876-u25-berlin-online-suizidpraevention-fuer-jugendliche	@	3	@		@	 	@		@	BERLIN
18	@		@	59962	@	 LOVE FOR LIFE eV	@	 LOVE FOR LIFE eV	@	 https://www.betterplace.org/de/projects/59962-love-for-life-e-v	@	15	@	7	@	13	@		@	BERLIN
19	@		@	32836	@	Caritasverband für das Erzbistum Berlin e.V.	@	Das Frauenhaus der Caritas in Berlin: Schutz vor häuslicher Gewalt	@	https://www.betterplace.org/de/projects/32836-das-frauenhaus-der-caritas-in-berlin-schutz-vor-haeuslicher-gewalt	@	5	@		@	 	@		@	BERLIN
20	@		@	57950	@	 The Noah Foundation	@	 Good News - The daily dose of optimism	@	 https://www.betterplace.org/de/projects/57950-good-news-die-taegliche-dosis-optimismus	@	3	@		@		@		@	BERLIN
21	@		@	14307	@	Interplast Berlin	@	INTERPLAST Berlin: kostenlose Chirurgie für Kinder in Paraguay	@	https://www.betterplace.org/de/projects/14307-interplast-berlin-kostenlose-chirurgie-fuer-kinder-in-paraguay	@	3	@		@		@		@	BERLIN
22	@		@	65248	@	Alabaster Jar e.V.	@	Creating A World Free From Sexual Exploitation	@	https://www.betterplace.org/de/projects/65248-creating-a-world-free-from-sexual-exploitation	@	16	@	5	@		@		@	BERLIN
23	@		@	63320	@	TERRE DES FEMMES e. V.	@	STOPPT Gewalt an Mädchen und Frauen	@	https://www.betterplace.org/de/projects/63320-stoppt-gewalt-an-maedchen-und-frauen	@	5	@		@		@		@	BERLIN
24	@		@	79235	@	ZUFF e.V.	@	Zufluchtswohnungen für von Gewalt betroffene Frauen* und Kinder	@	https://www.betterplace.org/de/projects/79235-zufluchtswohnungen-fuer-von-gewalt-betroffene-frauen-und-kinder	@	16	@		@		@		@	BERLIN
24	@		@	77946	@	BERLIN WORX e.V.	@	Save Berlin's Club Culture in Quarantine	@	https://www.betterplace.org/de/projects/77946-save-berlin-s-club-culture-in-quarantine	@	11	@		@		@		@	BERLIN
26	@	FRANKFURT	@	78009	@	Goethe Uni Frankfurt	@	Goethe-Corona-Fonds von Goethe-Universität & Universitätsklinikum Frankfurt	@	https://www.betterplace.org/de/projects/78009-goethe-corona-fonds-von-goethe-universitaet-universitaetsklinikum-frankfurt	@	3	@		@		@		@	FRANKFURT
27	@		@	61801	@	Kinder- & Jugendhospizdienst Frankfurt/Rhein-Main	@	Unterstützung des Kinder- und Jugendhospizdienst AKHD Frankfurt/Rhein-Main	@	https://www.betterplace.org/de/projects/61801-unterstuetzung-des-kinder-und-jugendhospizdienst-akhd-frankfurt-rhein-main	@	3	@		@		@		@	FRANKFURT
28	@		@	11132	@	MW Malteser Werke gemeinnützige GmbH	@	Malteser Suchthilfe Frankfurt a.M.	@	https://www.betterplace.org/de/projects/11132-malteser-suchthilfe-frankfurt-a-m	@	3	@		@		@		@	FRANKFURT
29	@		@	61859	@	Hilfe für krebskranke Kinder Frankfurt e.V	@	Sport für krebskranke Kinder und Jugendliche	@	https://www.betterplace.org/de/projects/61859-sport-fuer-krebskranke-kinder-und-jugendliche/opinions#ppp-sticky-anchor	@	3	@		@		@		@	FRANKFURT
30	@		@	48584	@	Stadttaubenprojekt Frankfurt	@	Stadttaubenprojekt Frankfurt: Arbeitsplätze und das Projekt erhalten!	@	https://www.betterplace.org/de/projects/48584-stadttaubenprojekt-frankfurt-arbeitsplaetze-und-das-projekt-erhalten	@	15	@		@		@		@	FRANKFURT
31	@		@	22941	@	Deutsche Wildtier Stiftung	@	Feldhamster in Not - (K)ein Bett in Kornfeld	@	https://www.betterplace.org/de/projects/22941-feldhamster-in-not-k-ein-bett-in-kornfeld	@	15	@		@		@		@	FRANKFURT
42	@		@	39898	@	Förderverein Hessischer Flüchtlingsrat e.V.	@	Hessischer Flüchtlingsrat - unabhängige und solidarische Flüchtlingsarbeit	@	https://www.betterplace.org/de/projects/39898-hessischer-fluechtlingsrat-unabhaengige-und-solidarische-fluechtlingsarbeit	@	10	@		@		@		@	FRANKFURT
33	@		@	19204	@	Stiftung Zuhören	@	Lilo Lausch - Zuhören verbindet	@	https://www.betterplace.org/de/projects/19204-lilo-lausch-zuhoeren-verbindet	@	4	@		@		@		@	FRANKFURT
34	@		@	66365	@	Lebensbrücke International Deutschland gGmbH	@	Gegen Kinderarmut in Deutschland: Kostenloses Frühstück für arme Kinder	@	https://www.betterplace.org/de/projects/66365-gegen-kinderarmut-in-deutschland-kostenloses-fruehstueck-fuer-arme-kinder	@	2	@		@		@	 	@	FRANKFURT
35	@		@	13971	@	Zoologische Gesellschaft Frankfurt von 1858 e.V.	@	Dschungelschule für bedrohte Orang-Utans	@	https://www.betterplace.org/de/projects/13971-dschungelschule-fuer-bedrohte-orang-utans	@	15	@		@		@		@	FRANKFURT
36	@	 	@	68895	@	Frankfurter Tafel e.V.	@	Ein Tafelmotor ist aus!	@	https://www.betterplace.org/de/projects/68895-ein-tafelmotor-ist-aus	@	2	@		@		@		@	FRANKFURT
37	@		@	9452	@	Frankfurter Institut für nachhaltige Entwicklung	@	Bienenretter - Die Biene als Botschafterin für nachhaltiges Handeln	@	https://www.betterplace.org/de/projects/9452-bienenretter-die-biene-als-botschafterin-fuer-nachhaltiges-handeln	@	15	@	13	@		@		@	FRANKFURT
38	@		@	15202	@	brotZeit e.V.	@	brotZeit e.V.	@	https://www.betterplace.org/de/projects/15202-brotzeit-e-v	@	2	@		@		@	 	@	FRANKFURT
39	@		@	77931	@	 Wildwiesen e.V.	@	Mehr Wildwiesen im Frankfurter Westen!	@	https://www.betterplace.org/de/projects/77931-mehr-wildwiesen-im-frankfurter-westen	@	13	@	15	@		@		@	FRANKFURT
40	@		@	79178	@	Frankfurter Arbeitsloseninitiative e. V.	@	Bürgerladen, das Sozialkaufhaus d. Frankfurter Arbeitsloseninitiative e.V.	@	https://www.betterplace.org/de/projects/79178-buergerladen-das-sozialkaufhaus-d-frankfurter-arbeitsloseninitiative-e-v	@	1	@		@		@		@	FRANKFURT
41	@		@	83363	@	 AIDS-Hilfe Frankfurt	@	Rainbow Refugees: unterstützt die LGBTIQ-Geflüchteten	@	https://www.betterplace.org/de/projects/83363-rainbow-refugees-unterstuetzt-die-lgbtiq-gefluechteten	@	16	@		@		@		@	FRANKFURT
42	@		@	64826	@	Protagon e.V.	@	Sommerwerft - Internationales Theaterfestival in Frankfurt am Main	@	https://www.betterplace.org/de/projects/64826-sommerwerft-internationales-theaterfestival-in-frankfurt-am-main	@	11	@		@		@		@	FRANKFURT
43	@		@	70388	@	Bridges - Musik verbindet gGmbH	@	Bridges - Musik verbindet	@	https://www.betterplace.org/de/projects/70388-bridges-musik-verbindet	@	11	@	16	@		@		@	FRANKFURT
44	@		@	61081	@	Kinder- & Jugendhospizdienst Frankfurt/Rhein-Main	@	Unterstützung des Kinder- und Jugendhospizdienst AKHD Frankfurt/Rhein-Main	@	https://www.betterplace.org/de/projects/61801-unterstuetzung-des-kinder-und-jugendhospizdienst-akhd-frankfurt-rhein-main	@	3	@		@		@		@	FRANKFURT
45	@		@	49726	@	Clementine Kinderhospital–Dr. Christ'sche Stiftung	@	Studie zur Erfassung des "Quality of Life" nach Schädel-Hirn-Trauma	@	https://www.betterplace.org/de/projects/49726-studie-zur-erfassung-des-quality-of-life-nach-schaedel-hirn-trauma	@	3	@		@		@		@	FRANKFURT
46	@		@	65717	@	Verein für soziale Arbeit im Stadtteil Bockenheim	@	Zeit für einen Tapetenwechsel - Ein neuer Start für Jugendliche in Not	@	https://www.betterplace.org/de/projects/65717-zeit-fuer-einen-tapetenwechsel-ein-neuer-start-fuer-jugendliche-in-not	@	3	@	1	@		@		@	FRANKFURT
37	@	 MUNCHEN	@	58697	@	"Die Arche" Kinderstiftung	@	Arche München – Kinder stark machen!	@	https://www.betterplace.org/de/projects/58697-arche-muenchen-kinder-stark-machen	@	4	@		@		@		@	MUNCHEN
48	@		@	75228	@	Tabaluga Kinderstiftung	@	Gong 96.3 Trixi Spiegel für München: Gemeinsam machen wir Abbiegen sicherer	@	https://www.betterplace.org/de/projects/75228-gong-96-3-trixi-spiegel-fuer-muenchen-gemeinsam-machen-wir-abbiegen-sicherer	@	9	@		@		@		@	MUNCHEN
49	@		@	63751	@	Münchner Flüchtlingsrat	@	münchner mentoren - Integration in München!	@	https://www.betterplace.org/de/projects/63751-muenchner-mentoren-integration-in-muenchen	@	10	@		@		@		@	MUNCHEN
50	@		@	69531	@	Tierschutzverein München e.V.	@	Unsere Wildtierstation braucht eure Hilfe!	@	https://www.betterplace.org/de/projects/69531-unsere-wildtierstation-braucht-eure-hilfe	@	15	@		@		@		@	MUNCHEN
51	@		@	35714	@	Initiative krebskranke Kinder München e.V	@	Krebs bei Kindern - wir helfen, hilf mit!	@	https://www.betterplace.org/de/projects/35714-krebs-bei-kindern-wir-helfen-hilf-mit	@	3	@		@		@		@	MUNCHEN
52	@		@	54396	@	AIDA e.V. (München)	@	St. Antons Kinder- und Jugendzentrum in Tanguá - RJ	@	https://www.betterplace.org/de/projects/54396-st-antons-kinder-und-jugendzentrum-in-tangua-rj	@	3	@		@		@		@	MUNCHEN 
53	@		@	36704	@	Schneekönige e.V.	@	Wunscherfüllungen für Wohnungslose in der Corona-Krise	@	https://www.betterplace.org/de/projects/36704-wunscherfuellungen-fuer-wohnungslose-in-der-corona-krise	@	11	@		@		@		@	MUNCHEN
54	@		@	60558	@	Stiftung für Innovative Medizin	@	Kampf gegen kindliche Gehirntumore #DIPGfighter	@	https://www.betterplace.org/de/projects/60558-kampf-gegen-kindliche-gehirntumore-dipgfighter	@	3	@		@		@		@	MUNCHEN
55	@		@	23673	@	buntkicktgut gemeinnützige GmbH	@	buntkicktgut - interkultureller Straßenfußball für Kinder und Jugendliche	@	https://www.betterplace.org/de/projects/23673-buntkicktgut-interkultureller-strassenfussball-fuer-kinder-und-jugendliche	@	10	@		@		@		@	MUNCHEN
56	@		@	624	@	HORIZONT e.V.	@	Hilfe gerade in Corona-Zeiten: für obdachlose Kinder und ihre Mütter!	@	https://www.betterplace.org/de/projects/624-hilfe-gerade-in-corona-zeiten-fuer-obdachlose-kinder-und-ihre-muetter	@	5	@	10	@		@		@	MUNCHEN
57	@		@	77117	@	German Doctors e.V	@	Ärzte für Flüchtlinge – Medizinische Hilfe in Deutschland und Griechenland	@	https://www.betterplace.org/de/projects/77117-rettet-die-slumschulen-in-dhaka-bangladesch	@	3	@		@		@	 	@	MUNCHEN
58	@		@	22422	@	Handicap International e.V., München	@	Syrien: Hilfe für Menschen mit Behinderung - Handicap International e.V.	@	https://www.betterplace.org/de/projects/22422-syrien-hilfe-fuer-menschen-mit-behinderung-handicap-international-e-v	@	3	@	10	@		@		@	MUNCHEN
59	@		@	43646	@	Pro REGENWALD e.V.	@	Baumpaten gesucht - Unterstütze die Regenwaldaufforstung in Costa Rica	@	https://www.betterplace.org/de/projects/43646-baumpaten-gesucht-unterstuetze-die-regenwaldaufforstung-in-costa-rica	@	13	@		@		@		@	MUNCHEN
60	@		@	49193	@	ArrivalAid gUG (haftungsbeschränkt)	@	Unterstütze Geflüchtete im Asyl- und Klageverfahren in München und Umgebung	@	https://www.betterplace.org/de/projects/49193-unterstuetze-gefluechtete-im-asyl-und-klageverfahren-in-muenchen-und-umgebung	@	16	@		@		@		@	MUNCHEN
61	@		@	7927	@	BoysToMen Mentoring München e.V.	@	BoysToMen Mentoring München e.V.	@	https://www.betterplace.org/de/projects/7927-boystomen-mentoring-muenchen-e-v	@	3	@		@		@		@	MUNCHEN
62	@		@	49472	@	Hilf Mahl München e.V.	@	Hilf Mahl! München - Der Obdachlosen Obulus	@	https://www.betterplace.org/de/projects/49472-hilf-mahl-muenchen-der-obdachlosen-obulus	@	11	@		@		@		@	MUNCHEN
63	@		@	83472	@	Bach Collegium München e.V. - Coronahilfe	@	Bach Collegium München e.V. - Coronahilfe	@	https://www.betterplace.org/de/projects/83472-bach-collegium-muenchen-e-v-coronahilfe	@	11	@		@		@		@	MUNCHEN
64	@		@	2816	@	kick it international e.V.	@	kick it München	@	https://www.betterplace.org/de/projects/2816-kick-it-muenchen	@	4	@		@		@		@	MUNCHEN
65	@		@	55460	@	Münchner Freiwillige - Wir helfen e.V.	@	Hilf uns, Ehrenamtliche in München zu unterstützen!	@	https://www.betterplace.org/de/projects/55460-hilf-uns-ehrenamtliche-in-muenchen-zu-unterstuetzen	@	16	@		@		@		@	MUNCHEN
66	@		@	71925	@	Münchner Flüchtlingsrat	@	Solidarity City München	@	https://www.betterplace.org/de/projects/71925-solidarity-city-muenchen	@	5	@	8	@		@		@	MUNCHEN
67	@		@	66475	@	THRIVE International e.V.	@	Hilf uns VR-Trainings für eine Münchener Pflegeeinrichtung zu entwickeln!	@	https://www.betterplace.org/de/projects/66475-hilf-uns-vr-trainings-fuer-eine-muenchener-pflegeeinrichtung-zu-entwickeln	@	3	@		@		@		@	MUNCHEN
68	@	HAMBURG	@	77958	@	StrassenBLUES e.V.	@	StrassenSPENDE für Obdachlose während Corona	@	https://www.betterplace.org/de/projects/77958-strassenspende-fuer-obdachlose-waehrend-corona	@	1	@		@		@		@	HAMBURG
69	@		@	84735	@	Visions for Children e.V	@	2x in Bildung, bitte! Spendenverdopplungsaktion für Schulbauprojekte	@	https://www.betterplace.org/de/projects/84735-2x-in-bildung-bitte-spendenverdopplungsaktion-fuer-schulbauprojekte	@	3	@		@		@		@	HAMBURG
70	@		@	24394	@	Viva con Agua de Sankt Pauli e.V	@	Jetzt Wasserprojekte weltweit unterstützen!	@	https://www.betterplace.org/de/projects/24394-jetzt-wasserprojekte-weltweit-unterstuetzen	@	6	@		@		@		@	HAMBURG
71	@		@	40502	@	Westwind Hamburg e.V. |	@	Westwind Hamburg e.V. - Fahrräder für Bedürftige - Mobilität in Hamburg	@	https://www.betterplace.org/de/projects/40502-westwind-hamburg-e-v-fahrraeder-fuer-beduerftige-mobilitaet-in-hamburg	@	1	@	9	@	13	@		@	HAMBURG
72	@		@	8427	@	CaFée mit Herz e. V	@	Eine Mahlzeit für arme und obdachlose Menschen	@	https://www.betterplace.org/de/projects/8427-eine-mahlzeit-fuer-arme-und-obdachlose-menschen	@	2	@		@		@		@	HAMBURG
73	@		@	558	@	Kinder-Hospiz Sternenbrücke	@	Kinder-Hospiz Sternenbrücke	@	https://www.betterplace.org/de/projects/558-kinder-hospiz-sternenbruecke	@	3	@		@		@		@	HAMBURG
74	@		@	14784	@	Loki Schmidt Stiftung	@	Mein Baum – Meine Stadt	@	https://www.betterplace.org/de/projects/14784-mein-baum-meine-stadt	@	13	@		@		@		@	HAMBURG
75	@		@	50315	@	Ankerland e. V.	@	Hilfe für schwer traumatisierte Kinder und Jugendliche - ANKERLAND e.V.	@	https://www.betterplace.org/de/projects/50315-hilfe-fuer-schwer-traumatisierte-kinder-und-jugendliche-ankerland-e-v	@	3	@		@		@		@	HAMBURG
76	@		@	36778	@	Hanseatic Help e.V.	@	Hanseatic Help e.V. | Eine Hamburger Hilfsorganisation #EinfachMachen	@	https://www.betterplace.org/de/projects/36778-hanseatic-help-e-v-eine-hamburger-hilfsorganisation-einfachmachen	@	1	@		@		@		@	HAMBURG
77	@		@	82670	@	Hanseatic Help e.V.	@	Hamburg packt‘s zusammen!	@	https://www.betterplace.org/de/projects/82670-hamburg-packt-s-zusammen	@	1	@		@		@		@	HAMBURG
78	@		@	71514	@	Lucky Dog Hostel -Hunde in Not	@	Hilfe für arme und alte Hunde, die niemand mehr will	@	https://www.betterplace.org/de/projects/71514-hilfe-fuer-arme-und-alte-hunde-die-niemand-mehr-will	@	15	@		@		@		@	HAMBURG
79	@		@	63114	@	MENSCHEN.LEBEN.e.V. – das Mehrgenerationenprojekt	@	MENSCHEN.LEBEN.e.V. – das Mehrgenerationenprojekt	@	https://www.betterplace.org/de/projects/63114-menschen-leben-e-v-das-mehrgenerationenprojekt	@	3	@		@		@		@	HAMBURG
80	@		@	54886	@	StrassenBLUES e.V.	@	Unterstütze unseren Obdachlosen-Verein StrassenBLUES e.V.	@	https://www.betterplace.org/de/projects/54886-unterstuetze-unseren-obdachlosen-verein-strassenblues-e-v	@	1	@		@		@		@	HAMBURG
81	@		@	84566	@	Schulverein des Gymnasiums am Bondenwald e.V.	@	Licht- und Tontechnik für das neue Auditorium am Gymnasium Bondenwald	@	https://www.betterplace.org/de/projects/84566-licht-und-tontechnik-fuer-das-neue-auditorium-am-gymnasium-bondenwald	@	4	@		@		@		@	HAMBURG
82	@		@	82309	@	Hanseatic Help e.V.	@	Nach Sommer kommt kalt - Deine Spende für Obdachlose	@	https://www.betterplace.org/de/projects/82309-nach-sommer-kommt-kalt-deine-spende-fuer-obdachlose	@	11	@		@		@		@	HAMBURG
83	@		@	83666	@	Hamburger Theater e. V.	@	Realisierung des Theaterpreis Hamburg - Rolf Mares	@	https://www.betterplace.org/de/projects/83666-realisierung-des-theaterpreis-hamburg-rolf-mares	@	11	@		@		@		@	HAMBURG
84	@		@	42817	@	Mission Freedom e.V.	@	Mission Freedom HOME	@	https://www.betterplace.org/de/projects/42817-mission-freedom-home	@	5	@		@		@		@	HAMBURG
85	@		@	21307	@	Zeit für Zukunft - Mentoren für Kinder e.V.	@	Zeit für Zukunft - Mentoren für Kinder e.V., Hamburg	@	https://www.betterplace.org/de/projects/21307-zeit-fuer-zukunft-mentoren-fuer-kinder-e-v-hamburg	@	3	@	4	@		@		@	HAMBURG
86	@		@	23451	@	Zonta Club Hamburg Hafen	@	Madame Courage - Hilfe für alleinerziehendende Studierende	@	https://www.betterplace.org/de/projects/23451-madame-courage-hilfe-fuer-alleinerziehendende-studierende	@	3	@	4	@		@		@	HAMBURG
87	@	 HANNOVER	@	41876	@	Freiwilligenzentrum Hannover e.V.	@	Freiwilligenzentrum Hannover e.V. - Wir stärken das soziale Engagement	@	https://www.betterplace.org/de/projects/41876-freiwilligenzentrum-hannover-e-v-wir-staerken-das-soziale-engagement	@	10	@		@		@		@	HANNOVER
88	@		@	30305	@	Refugee Law Clinic Hannover e.V.	@	Kostenlose Rechtsberatung für Flüchtlinge in Hannover	@	https://www.betterplace.org/de/projects/30305-kostenlose-rechtsberatung-fuer-fluechtlinge-in-hannover	@	16	@		@		@		@	HANNOVER
89	@		@	66767	@	Medinetz Hannover e.V.	@	Stell dir vor du hast Schmerzen und niemand hilft dir! - Medinetz Hannover	@	https://www.betterplace.org/de/projects/66767-stell-dir-vor-du-hast-schmerzen-und-niemand-hilft-dir-medinetz-hannover	@	3	@		@	 	@		@	HANNOVER
90	@		@	58964	@	Tierschutzhof Hannover Land e.V	@	Helft Tiere in Not und unterstützt den Tierschutzhof Hannover Land e.V.	@	https://www.betterplace.org/de/projects/58964-helft-tiere-in-not-und-unterstuetzt-den-tierschutzhof-hannover-land-e-v	@	15	@		@	 	@		@	HANNOVER
91	@		@	33225	@	AG Fledermäuse BUND Region Hannover	@	Fledermäuse brauchen Mäuse - Lebensräume erhalten Tiere retten - mach mit!	@	https://www.betterplace.org/de/projects/33225-fledermaeuse-brauchen-maeuse-lebensraeume-erhalten-tiere-retten-mach-mit	@	15	@		@		@		@	HANNOVER
92	@		@	68355	@	Obdachlosenhilfe Hannover e.V.	@	Hilfe um zu Helfen ! Warmes Essen und mehr für Obdachlose.	@	https://www.betterplace.org/de/projects/68355-hilfe-um-zu-helfen-warmes-essen-und-mehr-fuer-obdachlose	@	2	@		@		@		@	HANNOVER
93	@		@	65971	@	UNTER EINEM DACH gUG	@	Unter einem Dach: Gemeinsam für eine offene Gesellschaft	@	https://www.betterplace.org/de/projects/65971-unter-einem-dach-gemeinsam-fuer-eine-offene-gesellschaft	@	9	@	1	@		@		@	HANNOVER
94	@		@	46591	@	Lebensbrücke International Deutschland gGmbH	@	Gegen Kinderarmut in Deutschland: Kostenloses Frühstück für arme Kinder	@	https://www.betterplace.org/de/projects/66365-gegen-kinderarmut-in-deutschland-kostenloses-fruehstueck-fuer-arme-kinder	@	1	@	2	@		@		@	HANNOVER
95	@		@	9774	@	Lost Voices Stiftung	@	ME/CFS-erkrankten Menschen Ihre Stimme geben	@	https://www.betterplace.org/de/projects/9774-me-cfs-erkrankten-menschen-ihre-stimme-geben	@	3	@		@		@		@	HANNOVER
96	@		@	30716	@	Moebius Syndrom Deutschland e.V.	@	Moebius Syndrom Deutschland e.V.	@	https://www.betterplace.org/de/projects/30716-moebius-syndrom-deutschland-e-v	@	3	@		@		@		@	HANNOVER
97	@		@	26360	@	Lebenshof am Mühlenbach e.V.	@	Hilfe für den Lebenshof am Mühlenbach e.V.	@	https://www.betterplace.org/de/projects/26360-hilfe-fuer-den-lebenshof-am-muehlenbach-e-v	@	15	@		@		@		@	HANNOVER
98	@		@	85018	@	Hilfe bei Diagnose Brustkrebs e.V.	@	 www.infos-bei-brustkrebs.de 	@	https://www.betterplace.org/de/projects/85018-www-infos-bei-brustkrebs-de	@	3	@		@		@		@	HANNOVER
99	@		@	80181	@	T3amwork gemeinnützige GmbH	@	Corona-Direkthilfe für Familien in der Region Hannover	@	 https://www.betterplace.org/de/projects/80181-corona-direkthilfe-fuer-familien-in-der-region-hannover	@	3	@		@		@		@	HANNOVER
100	@		@	80459	@	Enactus Leibniz University Hannover eV	@	MakerMask	@	https://www.betterplace.org/de/projects/80459-makermask	@	3	@	12	@		@		@	HANNOVER
101	@		@	76233	@	Serve the City Hannover e.V.	@	Serve the City Hannover - Kurz Zeit? Mach mit. Tu gut!	@	https://www.betterplace.org/de/projects/76233-serve-the-city-hannover-kurz-zeit-mach-mit-tu-gut	@	11	@	10	@		@		@	HANNOVER
102	@		@	65817	@	Mukoviszidose e.V.	@	Ihre Corona-Hilfsspende für unser Haus Schutzengel	@	https://www.betterplace.org/de/projects/65817-ihre-corona-hilfsspende-fuer-unser-haus-schutzengel	@	3	@	5	@		@		@	HANNOVER
103	@	NURNBERG	@	53807	@	Stadtmission Nürnberg e.V.	@	Kindernotfonds der Stadtmission Nürnberg	@	https://www.betterplace.org/de/projects/53807-kindernotfonds-der-stadtmission-nuernberg	@	1	@		@		@		@	NURNBERG
104	@		@	72852	@	Kanu Verein Nürnberg e.V.	@	Renovierung der Jugendräume im Bootshaus des Kanuvereins Nürnberg	@	https://www.betterplace.org/de/projects/72852-renovierung-der-jugendraeume-im-bootshaus-des-kanuvereins-nuernberg	@	3	@		@		@		@	NURNBERG
105	@		@	51003	@	Bürgerstiftung Nürnberg	@	Kultur für ALLE – auch bei geringem Einkommen - KulturTicketNürnberg	@	https://www.betterplace.org/de/projects/51003-kultur-fuer-alle-auch-bei-geringem-einkommen-kulturticketnuernberg	@	4	@		@		@		@	NURNBERG
106	@		@	51146	@	DLRG Kreisverband Nürnberg-Roth-Schwabach e.V.	@	Unterstütze die Rettungsschwimmer der DLRG KV Nürnberg-Roth-Schwabach e.V.	@	https://www.betterplace.org/de/projects/51146-unterstuetze-die-rettungsschwimmer-der-dlrg-kv-nuernberg-roth-schwabach-e-v	@	4	@	3	@		@		@	NURNBERG
107	@		@	80158	@	nürnberger burgtheater e.V.	@	Lachen im nürnberger burgtheater - für Kabarett auch nach Corona!	@	https://www.betterplace.org/de/projects/80158-lachen-im-nuernberger-burgtheater-fuer-kabarett-auch-nach-corona	@		@		@		@		@	NURNBERG
108	@		@	47258	@	DEGRIN - Begegnung und Bildung in Vielfalt e.V.	@	HEROES Nürnberg - Unterstütze Helden in ihrem Einsatz für Gleichstellung!	@	https://www.betterplace.org/de/projects/47258-heroes-nuernberg-unterstuetze-helden-in-ihrem-einsatz-fuer-gleichstellung	@	5	@	10	@		@		@	NURNBERG
109	@		@	58478	@	LOBBY FÜR KINDER e.V.	@	"1000+1 Buch" Leseförderprojekt für Nürnberger Grundschulen	@	https://www.betterplace.org/de/projects/58478-1000-1-buch-lesefoerderprojekt-fuer-nuernberger-grundschulen	@	4	@		@		@		@	NURNBERG
110	@		@	48867	@	TraumaHilfeZentrum Nürnberg e.V	@	Traumahilfe - kompetent und zeitnah	@	https://www.betterplace.org/de/projects/48867-traumahilfe-kompetent-und-zeitnah	@	3	@		@		@		@	NURNBERG
111	@		@	83449	@	Stiftung Deutschland im Plus	@	Gemeinsam engagiert gegen die Überschuldung junger Menschen	@	https://www.betterplace.org/de/projects/83449-gemeinsam-engagiert-gegen-die-ueberschuldung-junger-menschen	@	 	@		@		@		@	NURNBERG
112	@		@	67268	@	Freude für alle e.V.	@	Hilfe für Menschen in prekärer Wohnsituation	@	https://www.betterplace.org/de/projects/67268-hilfe-fuer-menschen-in-prekaerer-wohnsituation	@	 	@		@		@		@	NURNBERG
113	@		@	47469	@	Angehörigenberatung e.V. Nürnberg	@	"Sing ein Lied...! Chor für Menschen mit und ohne Demenz in Nürnberg	@	https://www.betterplace.org/de/projects/47469-sing-ein-lied-chor-fuer-menschen-mit-und-ohne-demenz-in-nuernberg	@	 	@		@		@		@	NURNBERG
114	@	HEIDELBERG	@	59625	@	GREEN FOREST FUND e.V	@	Spende Bäume für Natur und Tiere! Setz dich ein für die Urwälder von morgen	@	https://www.betterplace.org/de/projects/59625-spende-baeume-fuer-natur-und-tiere-setz-dich-ein-fuer-die-urwaelder-von-morgen	@	13	@	15	@	 	@		@	HEIDELBERG
115	@		@	74483	@	GREEN FOREST FUND e.V	@	Die Pflanzung eines Baumes in Deutschland für die Urwälder von morgen!	@	https://www.betterplace.org/de/projects/74483-die-pflanzung-eines-baumes-in-deutschland-fuer-die-urwaelder-von-morgen	@	13	@	15	@		@		@	HEIDELBERG
116	@		@	80975	@	CoMakingSpace Heidelberg	@	CoMakingSpace: Spenden für eine offene Werkstatt	@	https://www.betterplace.org/de/projects/80975-comakingspace-spenden-fuer-eine-offene-werkstatt	@	4	@	13	@	8	@		@	HEIDELBERG
117	@		@	75807	@	CVJM Heidelberg-Mitte e.V.	@	CVJM HD: Wir bekommen eigene Räume...	@	https://www.betterplace.org/de/projects/75807-cvjm-hd-wir-bekommen-eigene-raeume	@	4	@		@		@		@	HEIDELBERG
118	@		@	63586	@	GREEN FOREST FUND e.V	@	Lebensraum für Biene, Hummel, Schmetterling und Co.	@	https://www.betterplace.org/de/projects/63586-lebensraum-fuer-biene-hummel-schmetterling-und-co	@	13	@	15	@		@		@	HEIDELBERG
119	@		@	17312	@	Nationales Centrum für Tumorerkrankungen	@	Forschung fördern - Krebs besiegen!	@	https://www.betterplace.org/de/projects/17312-forschung-foerdern-krebs-besiegen	@	9	@	3	@		@		@	HEIDELBERG
120	@		@	34262	@	Netzwerk Chancen gestalten gemeinnützige UG	@	Chancen gestalten Heidelberg e.V.	@	https://www.betterplace.org/de/projects/34262-chancen-gestalten-heidelberg-e-v	@	8	@		@		@		@	HEIDELBERG
121	@		@	44552	@	Aktion für Krebskranke Kinder e.V. Heidelberg DLFH	@	Kinderplanet	@	https://www.betterplace.org/de/projects/44552-kinderplanet	@	3	@		@		@		@	HEIDELBERG
122	@		@	37704	@	Netzwerk Chancen gestalten gemeinnützige UG	@	Chancen Gestalten	@	https://www.betterplace.org/de/projects/37704-chancen-gestalten	@	4	@	8	@		@		@	HEIDELBERG
123	@		@	72281	@	Das Frühchen e.V. Heidelberg	@	Unterstützung für Das Frühchen e.V. Heidelberg	@	https://www.betterplace.org/de/projects/72281-unterstuetzung-fuer-das-fruehchen-e-v-heidelberg	@	3	@		@		@		@	HEIDELBERG
124	@		@	66466	@	Lebenshilfe Marktheidenfeld e.V.	@	50 Jahre Lebenshilfe Marktheidenfeld	@	https://www.betterplace.org/de/projects/66466-50-jahre-lebenshilfe-marktheidenfeld	@	4	@		@		@		@	HEIDELBERG
125	@		@	25181	@	Lichtblick Hasenbergl	@	Unterstütze unsere pädagogische Arbeit im Lichtblick Hasenbergl!	@	https://www.betterplace.org/de/projects/25181-unterstuetze-unsere-paedagogische-arbeit-im-lichtblick-hasenbergl	@	4	@		@		@		@	HEIDELBERG
126	@	 	@	59625	@	GREEN FOREST FUND e.V.	@	Spende Bäume für Natur und Tiere! Setz dich ein für die Urwälder von morgen	@	https://www.betterplace.org/de/projects/59625-spende-baeume-fuer-natur-und-tiere-setz-dich-ein-fuer-die-urwaelder-von-morgen	@	13	@		@		@		@	HEIDELBERG
127	@	MANNHEIM	@	12083	@	Aufwind-Mannheim	@	Aufwind-Mannheim	@	https://www.betterplace.org/de/projects/12083-aufwind-mannheim	@	1	@	4	@		@		@	MANNHEIM
128	@		@	61165	@	Malteser Hilfsdienst e.V., Mannheim	@	Malteser Medizin für Menschen ohne Krankenversicherung Mannheim	@	https://www.betterplace.org/de/projects/61165-malteser-medizin-fuer-menschen-ohne-krankenversicherung-mannheim	@	3	@		@		@		@	MANNHEIM
129	@		@	37289	@	ROCK YOUR LIFE! Mannheim e.V.	@	ROCK YOUR LIFE! Mannheim e.V.	@	https://www.betterplace.org/de/projects/37289-rock-your-life-mannheim-e-v	@	4	@		@		@		@	MANNHEIM
130	@		@	8954	@	Diakonisches Werk Mannheim	@	In Gemeinschaft schmeckt das Leben besser	@	https://www.betterplace.org/de/projects/8954-in-gemeinschaft-schmeckt-das-leben-besser	@	2	@	3	@		@		@	MANNHEIM
131	@		@	15685	@	Elternkreis Frühgeborene und kranke Neugeborene	@	Wenn das Leben viel zu früh beginnt...	@	https://www.betterplace.org/de/projects/15685-wenn-das-leben-viel-zu-frueh-beginnt	@	3	@		@		@		@	MANNHEIM
132	@		@	28357	@	Freundeskreis Christliche Schulen LU e.V.	@	Sportunterricht / Sporthalle für Grundschüler in Ludwigshafen	@	https://www.betterplace.org/de/projects/28357-sportunterricht-sporthalle-fuer-grundschueler-in-ludwigshafen	@	4	@		@		@		@	MANNHEIM
133	@		@	20723	@	Freifunk Rhein-Neckar e.V.	@	Freifunk Rhein-Neckar - Freies WLAN im Rhein-Neckar-Gebiet	@	https://www.betterplace.org/de/projects/20723-freifunk-rhein-neckar-freies-wlan-im-rhein-neckar-gebiet	@	4	@	9	@		@		@	MANNHEIM
134	@		@	60943	@	Duha e.V.	@	Spende für einen Schrebergarten für Menschen mit Behinderung	@	https://www.betterplace.org/de/projects/60943-spende-fuer-einen-schrebergarten-fuer-menschen-mit-behinderung	@	3	@	13	@		@		@	MANNHEIM
135	@		@	11667	@	Ideen³ e.V. // Räume für Entwicklung	@	Ideenwerkstatt von morgen (Bildungsagenten)	@	https://www.betterplace.org/de/projects/11667-ideenwerkstatt-von-morgen-bildungsagenten	@	4	@	13	@		@		@	MANNHEIM
136	@		@	36213	@	Ideen³ e.V. // Räume für Entwicklung	@	von morgen - Alles Gute auf einer Karte	@	https://www.betterplace.org/de/projects/36213-von-morgen-alles-gute-auf-einer-karte	@	4	@	13	@		@		@	MANNHEIM
137	@		@	22061	@	Stiftung LebensBlicke - Aktiv gegen Darmkrebs	@	Stiftung LebensBlicke - Aktiv gegen Darmkrebs	@	https://www.betterplace.org/de/projects/22061-stiftung-lebensblicke-aktiv-gegen-darmkrebs	@	3	@		@		@		@	MANNHEIM
138	@		@	19624	@	MediNetz Rhein-Neckar e.V.	@	Ermöglichen Sie illegalisierten Schwangeren sichere Entbindungen.	@	https://www.betterplace.org/de/projects/19624-ermoeglichen-sie-illegalisierten-schwangeren-sichere-entbindungen	@	3	@		@		@		@	MANNHEIM
139	@		@	71208	@	Hospiz Stuttgart	@	#Gloffawird - 1000 km Spendenlauf für das Kinderhospiz Stuttgart	@	https://www.betterplace.org/de/projects/71208-gloffawird-1000-km-spendenlauf-fuer-das-kinderhospiz-stuttgart	@	3	@		@		@		@	MANNHEIM
140	@		@	66979	@	Kinder- und Jugendzirkus Paletti e.V.	@	Im Zirkus fürs Leben lernen - Unterstütze die Arbeit des Zirkus Paletti!	@	https://www.betterplace.org/de/projects/66979-im-zirkus-fuers-leben-lernen-unterstuetze-die-arbeit-des-zirkus-paletti	@	4	@		@		@		@	MANNHEIM
141	@		@	61838	@	Jugendreiterhof Mannheim-Käfertal e.V.	@	Die Vereinspferde des Jugendreiterhofs benötigen deine Unterstützung!	@	https://www.betterplace.org/de/projects/61838-die-vereinspferde-des-jugendreiterhofs-benoetigen-deine-unterstuetzung	@	 	@		@		@		@	MANNHEIM
142	@		@	50457	@	Johanniter-Unfall-Hilfe eV, RV Ostwuerttemberg	@	Medical equipment for the team transport vehicle (MTW)	@	https://www.betterplace.org/de/projects/50457-medizinische-ausruestung-fuer-den-mannschafts-transportwagen-mtw	@	 	@		@		@		@	MANNHEIM
143	@	STUTTGART	@	46591	@	NABU Gruppe Stuttgart e. V	@	Ihre Spende für die Natur in Stuttgart	@	https://www.betterplace.org/de/projects/46591-ihre-spende-fuer-die-natur-in-stuttgart	@	13	@	15	@		@		@	STUTTGART
144	@		@	64150	@	Hospiz Stuttgart	@	Kinder- und Jugendhospiz Stuttgart	@	https://www.betterplace.org/de/projects/64150-kinder-und-jugendhospiz-stuttgart	@	3	@		@		@		@	STUTTGART
145	@		@	58146	@	Förderkreis krebskranke Kinder e.V. Stuttgart	@	Hilfe für krebskranke Kinder und ihre Familien	@	https://www.betterplace.org/de/projects/58146-hilfe-fuer-krebskranke-kinder-und-ihre-familien	@	3	@		@		@		@	STUTTGART
146	@		@	15047	@	Förderverein Häusl. Kinderkrankenpflege Stuttgart	@	Helfen Sie uns, kranken Kindern zu helfen!	@	https://www.betterplace.org/de/projects/15047-helfen-sie-uns-kranken-kindern-zu-helfen	@	3	@		@		@		@	STUTTGART
147	@		@	61501	@	Frauen helfen Frauen e.V. Stuttgart	@	Solidarisch mit Frauen und Kindern - für eine Zukunft ohne Gewalt!	@	https://www.betterplace.org/de/projects/61501-solidarisch-mit-frauen-und-kindern-fuer-eine-zukunft-ohne-gewalt	@	5	@		@		@		@	STUTTGART
148	@		@	80345	@	Wilhelma - Zoologisch-Botanischer Garten Stuttgart |	@	Dein Beitrag sichert die Zukunft der letzten Berggorillas	@	https://www.betterplace.org/de/projects/80345-dein-beitrag-sichert-die-zukunft-der-letzten-berggorillas	@	15	@	13	@		@		@	STUTTGART
149	@		@	82404	@	POEMA e.V. Stuttgart-Armut und Umwelt in Amazonien	@	POEMA e.V. Stuttgart - Armut und Umwelt in Amazonien, POEMA AG aus Langenau	@	https://www.betterplace.org/de/projects/82404-poema-e-v-stuttgart-armut-und-umwelt-in-amazonien-poema-ag-aus-langenau	@	1	@	13	@	6	@	Amazone	@	STUTTGART
150	@		@	74662	@	Universität Stuttgart, IBK	@	Bamboo School - Eine Schule für Rempek	@	https://www.betterplace.org/de/projects/74662-bamboo-school-eine-schule-fuer-rempek	@	4	@	9	@		@		@	STUTTGART
151	@		@	38071	@	Open Knowledge Foundation Deutschland	@	Für das Projekt Sensor.Community (ehemals Luftdaten.info) spenden	@	https://www.betterplace.org/de/projects/38071-fuer-das-projekt-sensor-community-ehemals-luftdaten-info-spenden	@	13	@		@		@		@	STUTTGART
152	@		@	13306	@	Olgäle-Stiftung für das kranke Kind e.V	@	Olgahospital - Rheumaschwester	@	https://www.betterplace.org/de/projects/13306-olgahospital-rheumaschwester	@	3	@		@		@		@	STUTTGART
153	@		@	23563	@	Stiftung Kinder fördern - Zukunft stiften	@	Stiftung Kinder fördern – Zukunft stiften	@	https://www.betterplace.org/de/projects/23563-stiftung-kinder-foerdern-zukunft-stiften	@	4	@		@		@		@	STUTTGART
154	@		@	48952	@	Caritasverband der Diözese Rottenburg-Stuttgart	@	Hilfe für Menschen, die kein Zuhause haben	@	https://www.betterplace.org/de/projects/48952-hilfe-fuer-menschen-die-kein-zuhause-haben	@	1	@	2	@	3	@		@	STUTTGART
155	@		@	54121	@	Waldorf 2019 e.V.	@	Waldorf 100 – Learn to change the world	@	https://www.betterplace.org/de/projects/54121-waldorf-100-learn-to-change-the-world	@	4	@	13	@		@		@	STUTTGART
156	@		@	56140	@	Laboratorium e.V. Stuttgart	@	Aus Alt mach neu! Renovierung Kulturzentrum Laboratorium Stuttgart	@	https://www.betterplace.org/de/projects/56140-aus-alt-mach-neu-renovierung-kulturzentrum-laboratorium-stuttgart	@	 	@		@		@		@	STUTTGART
157	@		@	60713	@	 Bürgerstiftung Stuttgart	@	Fußball verbindet – Ballspiel-Angebote für Geflüchtete	@	https://www.betterplace.org/de/projects/60713-fussball-verbindet-ballspiel-angebote-fuer-gefluechtete	@	 	@		@		@		@	STUTTGART
158	@		@	79125	@	Arbeiter-Samariter-Bund BW eV | Region ES	@	Rescue dogs of the ASB ... search & rescue in the district ES	@	https://www.betterplace.org/de/projects/79125-rettungshunde-des-asb-suchen-retten-im-kreis-es	@	 	@		@		@		@	STUTTGART
159	@		@	82997	@	 VCD Baden-Württemberg e.V.	@	Mobilitätswende für Baden-Württemberg	@	https://www.betterplace.org/de/projects/82997-mobilitaetswende-fuer-baden-wuerttemberg	@	8	@		@		@		@	STUTTGART
160	@		@	30225	@	Aktionsgemeinschaft Artenschutz (AGA) e.V.	@	Bitte helft mit, Rotfüchse in Deutschland zu schützen	@	https://www.betterplace.org/de/projects/30225-bitte-helft-mit-rotfuechse-in-deutschland-zu-schuetzen	@	 	@		@		@		@	STUTTGART
161	@	DUSSELDORF	@	78123	@	Aktion Deutschland Hilft - Das Bündnis	@	Corona Nothilfe weltweit	@	https://www.betterplace.org/de/projects/78123-corona-nothilfe-weltweit-aktion-deutschland-hilft	@	 	@		@		@		@	DUSSELDORF
162	@		@	36180	@	Diakonie Düsseldorf	@	Flüchtlingen in Düsseldorf helfen!	@	https://www.betterplace.org/de/projects/36180-fluechtlingen-in-duesseldorf-helfen	@	1	@		@		@		@	DUSSELDORF
163	@		@	54554	@	Freifunk Düsseldorf e.V.	@	Freies WLAN in Düsseldorf	@	https://www.betterplace.org/de/projects/54554-freies-wlan-in-duesseldorf	@	9	@		@		@		@	DUSSELDORF
164	@		@	78014	@	Diakonie Düsseldorf	@	Corona Nothilfe: Jetzt in Düsseldorf helfen	@	https://www.betterplace.org/de/projects/78014-corona-nothilfe-jetzt-in-duesseldorf-helfen	@	1	@		@		@		@	DUSSELDORF
165	@		@	31230	@	Diakonie Düsseldorf	@	Für Kinder da sein! Unterstützung für die Kitas der Diakonie Düsseldorf	@	https://www.betterplace.org/de/projects/31230-fuer-kinder-da-sein-unterstuetzung-fuer-die-kitas-der-diakonie-duesseldorf	@	4	@		@		@		@	DUSSELDORF
166	@		@	73351	@	Tierschutzverein Düsseldorf u.U.e.V. - 1873	@	Aktiver Tierschutz in der NRW-Landeshauptstadt - Tierheim Düsseldorf	@	https://www.betterplace.org/de/projects/73351-aktiver-tierschutz-in-der-nrw-landeshauptstadt-tierheim-duesseldorf	@	15	@		@		@		@	DUSSELDORF
167	@		@	8604	@	vision:teilen e.V.	@	GUTENACHTBUS: für Obdachlose in Düsseldorf	@	https://www.betterplace.org/de/projects/8604-gutenachtbus-fuer-obdachlose-in-duesseldorf	@	1	@		@		@	 	@	DUSSELDORF
168	@		@	13161	@	Diakonie Düsseldorf	@	Kinder stärken! Hilfe für Flüchtlingskinder	@	https://www.betterplace.org/de/projects/13161-kinder-staerken-hilfe-fuer-fluechtlingskinder	@	 	@		@		@		@	DUSSELDORF
169	@		@	71	@	Diakonie Düsseldorf	@	TrebeCafé für obdachlose Mädchen	@	https://www.betterplace.org/de/projects/73-trebecafe-fuer-obdachlose-maedchen	@	1	@	2	@		@		@	DUSSELDORF
170	@		@	2872	@	Kinder- und Jugendhospiz Regenbogenland	@	Das Kinder- und Jugendhospiz Regenbogenland in Düsseldorf	@	https://www.betterplace.org/de/projects/2872-das-kinder-und-jugendhospiz-regenbogenland-in-duesseldorf	@	3	@		@		@		@	DUSSELDORF
171	@		@	65197	@	Deutsche Stiftung für Gesundheitsinformation	@	Kompetenz statt Demenz - KsD	@	https://www.betterplace.org/de/projects/65197-kompetenz-statt-demenz-ksd	@	 	@		@		@		@	DUSSELDORF
172	@		@	42431	@	Diakonie Düsseldorf	@	Schutzraum für wohnungslose Mütter und ihre Kinder	@	https://www.betterplace.org/de/projects/42431-schutzraum-fuer-wohnungslose-muetter-und-ihre-kinder	@	 	@		@		@		@	DUSSELDORF
173	@		@	73505	@	Zonta Club Düsseldorf	@	Zonta Says No - Stoppt Gewalt gegen Frauen und Mädchen	@	https://www.betterplace.org/de/projects/73505-zonta-says-no-stoppt-gewalt-gegen-frauen-und-maedchen	@	 	@		@		@		@	DUSSELDORF
174	@		@	56102	@	BürgerStiftung Düsseldorf	@	Notgroschen für Senioren	@	https://www.betterplace.org/de/projects/56102-notgroschen-fuer-senioren	@	 	@		@		@		@	DUSSELDORF
175	@		@	27751	@	Dorfkirchen in Not e.V.	@	Sanierung weiterer Dorfkirchen	@	https://www.betterplace.org/de/projects/27751-sanierung-weiterer-dorfkirchen	@	 	@		@		@		@	DUSSELDORF
176	@		@	73079	@	Mentor – Die Leselernhelfer Düsseldorf e.V.	@	Lesen beflügelt	@	https://www.betterplace.org/de/projects/73079-lesen-befluegelt	@	4	@		@		@		@	DUSSELDORF
177	@		@	56885	@	Feuerwehrförderverein der FFW Dorf Mecklenburg	@	Feuerwehrförderverein der FFW Dorf Mecklenburg	@	https://www.betterplace.org/de/projects/56885-feuerwehrfoerderverein-der-ffw-dorf-mecklenburg	@	 	@		@		@		@	DUSSELDORF
178	@		@	60241	@	Ackerhelden machen Schule gGmbH	@	 Bildung wachsen lassen: Grüne Klassenzimmer an Kitas/Schulen in München	@	https://www.betterplace.org/de/projects/60241-bildung-wachsen-lassen-gruene-klassenzimmer-an-kitas-schulen-in-muenchen	@	  	@		@		@		@	DUSSELDORF
179	@		@	60088	@	Diakonie Düsseldorf	@	Respekt und Mut - Mit Freu(n)den verschieden sein!	@	https://www.betterplace.org/de/projects/60088-respekt-und-mut-mit-freu-n-den-verschieden-sein	@	 	@		@		@		@	DUSSELDORF
180	@	DORTMUND 	@	24700	@	Kana - Dortmunder Suppenküche e.V.	@	Kana Suppenküche für Obdachlose und Arme in Dortmund und Umgebung	@	https://www.betterplace.org/de/projects/24700-kana-suppenkueche-fuer-obdachlose-und-arme-in-dortmund-und-umgebung	@	2	@	1	@		@		@	DORTMUND
181	@		@	71878	@	Forum Dunkelbunt eV.	@	Ambulanter Kinder- und Jugendhospizdienst Löwenzahn Dortmund	@	https://www.betterplace.org/de/projects/71878-ambulanter-kinder-und-jugendhospizdienst-loewenzahn-dortmund	@	3	@		@		@		@	DORTMUND
182	@		@	78933	@	Diakonisches Werk Dortmund und Lünen gGmbH	@	Obdachlose Frauen und ihre Kinder in Dortmund brauchen Ihre Hilfe!	@	https://www.betterplace.org/de/projects/78933-obdachlose-frauen-und-ihre-kinder-in-dortmund-brauchen-ihre-hilfe	@	5	@		@		@		@	DORTMUND
183	@		@	74704	@	Frauen helfen Frauen e.V. Dortmund	@	Ihre Spende hilft, Frauen und ihre Kinder vor häuslicher Gewalt zu schützen	@	https://www.betterplace.org/de/projects/74704-ihre-spende-hilft-frauen-und-ihre-kinder-vor-haeuslicher-gewalt-zu-schuetzen	@	5	@		@		@		@	DORTMUND
184	@		@	68838	@	Dortmunder Tafel e.V.	@	Unterstützung für die Dortmunder Tafel e.V.	@	https://www.betterplace.org/de/projects/68838-unterstuetzung-fuer-die-dortmunder-tafel-e-v	@	2	@	1	@		@		@	DORTMUND
185	@		@	70827	@	Klinikum Dortmund gGmbH	@	Bike-Labyrinth für ältere Patienten - Virtuell gegen Demenz und Co.	@	https://www.betterplace.org/de/projects/70827-bike-labyrinth-fuer-aeltere-patienten-virtuell-gegen-demenz-und-co	@	3	@	9	@		@		@	DORTMUND
186	@		@	68805	@	bodo e.V.	@	Eine Anlaufstelle für Menschen in Not	@	https://www.betterplace.org/de/projects/68805-eine-anlaufstelle-fuer-menschen-in-not	@	1	@		@		@		@	DORTMUND
187	@		@	77976	@	bodo e.V.	@	bodo e.V. - Durch die Krise. #Coronahilfe	@	https://www.betterplace.org/de/projects/77976-bodo-e-v-durch-die-krise-coronahilfe	@	1	@		@		@		@	DORTMUND
188	@		@	76109	@	Dortmunder Mitternachtsmission e.V.	@	Spende für unsere Arbeit "Menschen handeln gegen Menschenhandel"	@	https://www.betterplace.org/de/projects/76109-spende-fuer-unsere-arbeit-menschen-handeln-gegen-menschenhandel	@	5	@	16	@		@		@	DORTMUND
189	@		@	9434	@	gemeinnützige CLIMB GmbH	@	Lernferien bei climb - clever lernen, immer motiviert bleiben!	@	https://www.betterplace.org/de/projects/9434-lernferien-bei-climb-clever-lernen-immer-motiviert-bleiben	@	4	@		@		@		@	DORTMUND
190	@		@	68619	@	Hilfe für Krankenhausbau in Ghana e.V.	@	Krankenhaus Ghana – Solidaritätsmedizin	@	https://www.betterplace.org/de/projects/68619-krankenhaus-ghana-solidaritaetsmedizin	@	3	@	9	@		@		@	DORTMUND
191	@		@	19547	@	Deutsche Fanconi-Anämie-Hilfe e.V.	@	Früherkennung von Krebstumoren - Deutsche Fanconi-Anämie-Hilfe e.V.	@	https://www.betterplace.org/de/projects/19547-frueherkennung-von-krebstumoren-deutsche-fanconi-anaemie-hilfe-e-v	@	3	@	9	@		@		@	DORTMUND
192	@		@	28974	@	Lost Voices Stiftung |	@	Unterstützung der Berliner Charité zur ME/CFS-Forschung	@	https://www.betterplace.org/de/projects/28974-unterstuetzung-der-berliner-charite-zur-me-cfs-forschung	@	3	@	9	@		@		@	DORTMUND
193	@		@	79570	@	Würde für Kinder e.V.	@	COVID-19: Nahrungsnothilfe und Schutz für extrem arme Kinder	@	https://www.betterplace.org/de/projects/79570-covid-19-nahrungsnothilfe-und-schutz-fuer-extrem-arme-kinder	@	1	@	3	@		@		@	DORTMUND
194	@		@	51052	@	OroVerde - Die Tropenwaldstiftung	@	Kichwa-Jugendliche schützen den Regenwald	@	https://www.betterplace.org/de/projects/51052-kichwa-jugendliche-schuetzen-den-regenwald	@	16	@	13	@		@		@	DORTMUND
195	@		@	81778	@	Haus der Hoffnung- Hilfe für Nepal e.V	@	Kampf dem durch den Lock-down bedingten Hunger in Nepal	@	https://www.betterplace.org/de/projects/81778-kampf-dem-durch-den-lock-down-bedingten-hunger-in-nepal	@	3	@	1	@		@		@	DORTMUND
196	@		@	43625	@	BILING e.V	@	Kultur- und Bildungsangebote für gehörlose Kinder erlebbar machen	@	https://www.betterplace.org/de/projects/43625-kultur-und-bildungsangebote-fuer-gehoerlose-kinder-erlebbar-machen	@	4	@		@		@	 	@	DORTMUND
197	@		@	24133	@	Gegen Noma - Parmed e.V.	@	Leben von Noma Kinder mit Antibiotika und Prävention retten!	@	https://www.betterplace.org/de/projects/24133-leben-von-noma-kinder-mit-antibiotika-und-praevention-retten	@	3	@	1	@		@		@	DORTMUND
198	@		@	54424	@	Gemeinsam TECHO e.V.	@	TECHO: Soziale Projekte in Lateinamerika und der Karibik	@	https://www.betterplace.org/de/projects/54424-techo-soziale-projekte-in-lateinamerika-und-der-karibik	@	4	@	9	@		@		@	DORTMUND
199	@		@	35454	@	Stiftung Aktion Knochenmarkspende Bayern	@	Ärmel hoch gegen Blutkrebs!	@	https://www.betterplace.org/de/projects/35454-aermel-hoch-gegen-blutkrebs	@	3	@		@		@		@	DORTMUND
200	@		@	70849	@	Dentists for Africa	@	Zahnärztliche Aufklärung und Behandlung für 1200 Kinder in Kenia	@	https://www.betterplace.org/de/projects/70849-zahnaerztliche-aufklaerung-und-behandlung-fuer-1200-kinder-in-kenia	@	2	@	3	@		@		@	DORTMUND
